Артикул,Цена,Ссылка
GA-700SKE-7AER,12 390,https://shop.casio.ru/catalog/g-shock-youth/ga-700ske-7aer/
GA-2100SKE-7AER,11 790,https://shop.casio.ru/catalog/g-shock-youth/ga-2100ske-7aer/
DW-5600SKE-7ER,11 790,https://shop.casio.ru/catalog/g-shock/dw-5600ske-7er/
GA-110SKE-8AER,12 390,https://shop.casio.ru/catalog/g-shock-youth/ga-110ske-8aer/
GA-900SKE-8AER,12 390,https://shop.casio.ru/catalog/g-shock-youth/ga-900ske-8aer/
GA-2000SKE-8AER,12 390,https://shop.casio.ru/catalog/g-shock-youth/ga-2000ske-8aer/
GA-2100-1A1ER,9 890,https://shop.casio.ru/catalog/g-shock-youth/ga_2100_1a1er/
GA-2100-1AER,9 890,https://shop.casio.ru/catalog/g-shock-youth/ga_2100_1aer/
GA-2100-4AER,9 890,https://shop.casio.ru/catalog/g-shock-youth/ga_2100_4aer/
DW-5600BBN-1ER,10 590,https://shop.casio.ru/catalog/g-shock/dw_5600bbn_1er/
GMW-B5000D-1ER,49 990,https://shop.casio.ru/catalog/g-shock-premium/gmw_b5000d_1er/
DW-5600BBMB-1ER,7 990,https://shop.casio.ru/catalog/g-shock/dw_5600bbmb_1er/
DW-5600E-1VER,7 740,https://shop.casio.ru/catalog/g-shock/dw_5600e_1ver/
EFS-S560D-1AVUEF,20 690,https://shop.casio.ru/catalog/edifice/efs_s560d_1avuef/
EFS-S560DB-1AVUEF,22 340,https://shop.casio.ru/catalog/edifice/efs_s560db_1avuef/
DW-5600LS-2ER,11 790,https://shop.casio.ru/catalog/g-shock-youth/dw-5600ls-2/
DW-5600LS-7ER,11 790,https://shop.casio.ru/catalog/g-shock-youth/dw-5600ls-7/
DW-5610DN-9ER,11 790,https://shop.casio.ru/catalog/g-shock/dw-5610dn-9/
A1000D-7EF,10 590,https://shop.casio.ru/catalog/vintage/a1000d-7ef/
A1000M-1BEF,10 590,https://shop.casio.ru/catalog/vintage/a1000m-1bef/
A1000MCG-9EF,15 290,https://shop.casio.ru/catalog/vintage/a1000mcg-9ef/
A1000MG-9EF,14 990,https://shop.casio.ru/catalog/vintage/a1000mg-9e/
A1000MPG-9EF,15 290,https://shop.casio.ru/catalog/vintage/a1000mpg-9ef/
A1000PRW-1ER,18 840,https://shop.casio.ru/catalog/vintage/a1000prw-1er/
A1000RG-5EF,15 290,https://shop.casio.ru/catalog/vintage/a1000rg-5ef/
A100WEPC-1BER,10 590,https://shop.casio.ru/catalog/vintage/a100wepc-1ber/
AW-590-1AER,9 590,https://shop.casio.ru/catalog/g-shock/aw_590_1a/
AW-591-2AER,9 590,https://shop.casio.ru/catalog/g-shock/aw_591_2a/
AW-591-4AER,9 590,https://shop.casio.ru/catalog/g-shock/aw_591_4a/
AWG-M100A-1AER,15 290,https://shop.casio.ru/catalog/g-shock/awg_m100a_1aer/
AWG-M100B-1AER,15 290,https://shop.casio.ru/catalog/g-shock/awg_m100b_1aer/
AWG-M100SBL-1AER,15 290,https://shop.casio.ru/catalog/g-shock/awg_m100sbl_1aer/
DW-5600BB-1ER,9 890,https://shop.casio.ru/catalog/g-shock/dw_5600bb_1er/
DW-5600DAILY21-1ER,14 140,https://shop.casio.ru/catalog/g-shock/dw-5600daily21-1er/
DW-5610SUS-5ER,15 290,https://shop.casio.ru/catalog/g-shock/dw_5610sus_5er/
DW-6900LS-1ER,11 790,https://shop.casio.ru/catalog/g-shock-youth/dw-6900ls-1/
DW-6900LS-2ER,11 790,https://shop.casio.ru/catalog/g-shock-youth/dw-6900ls-2/
DW-6900SP-1ER,12 990,https://shop.casio.ru/catalog/g-shock/dw_6900sp_1er/
DWE-5600CC-3ER,27 790,https://shop.casio.ru/catalog/g-shock/dwe_5600cc_3er/
DWE-5600KS-7ER,24 590,https://shop.casio.ru/catalog/g-shock/dwe_5600ks_7er/
ECB-20DB-1AEF,16 490,https://shop.casio.ru/catalog/edifice-connected/ecb-20db-1aef/
ECB-900DB-1AER,20 690,https://shop.casio.ru/catalog/edifice-connected/ecb_900db_1aer/
ECB-900DB-1BER,20 690,https://shop.casio.ru/catalog/edifice-connected/ecb_900db_1ber/
EF-121D-1AVEG,4 990,https://shop.casio.ru/catalog/edifice/ef_121d_1aveg/
EF-129D-1AVEF,9 240,https://shop.casio.ru/catalog/edifice/ef_129d_1avef/
EF-129D-2AVEF,9 240,https://shop.casio.ru/catalog/edifice/ef_129d_2avef/
EF-527D-1AVEF,14 140,https://shop.casio.ru/catalog/edifice/ef_527d_1avef/
EF-539D-1AVEF,14 140,https://shop.casio.ru/catalog/edifice/ef_539d_1avef/
EF-552-1AVEF,9 590,https://shop.casio.ru/catalog/edifice/ef_552_1avef/
EFR-505D-1AVEF,10 590,https://shop.casio.ru/catalog/edifice/efr_505d_1avef/
EFR-526D-1AVUEF,10 590,https://shop.casio.ru/catalog/edifice/efr_526d_1avuef/
EFR-526D-7AVUEF,10 590,https://shop.casio.ru/catalog/edifice/efr_526d_7avuef/
EFR-526L-1AVUEF,9 990,https://shop.casio.ru/catalog/edifice/efr_526l_1avuef/
EFR-527D-2AVUEF,10 590,https://shop.casio.ru/catalog/edifice/efr_527d_2avuef/
EFR-539D-1A2VUEF,14 140,https://shop.casio.ru/catalog/edifice/efr_539d_1a2vuef/
EFR-547D-1AVUEF,13 840,https://shop.casio.ru/catalog/edifice/efr_547d_1avuef/
EFR-547L-7AVUEF,12 390,https://shop.casio.ru/catalog/edifice/efr_547l_7avuef/
EFR-552D-1A2VUEF,10 590,https://shop.casio.ru/catalog/edifice/efr_552d_1a2vuef/
EFR-552D-1AVUEF,10 590,https://shop.casio.ru/catalog/edifice/efr_552d_1avuef/
EFR-556D-1AVUEF,13 490,https://shop.casio.ru/catalog/edifice/efr_556d_1avuef/
EFR-556DB-1AVUEF,14 140,https://shop.casio.ru/catalog/edifice/efr_556db_1avuef/
EFR-556DB-2AVUEF,14 140,https://shop.casio.ru/catalog/edifice/efr_556db_2avuef/
EFR-556L-1AVUEF,12 390,https://shop.casio.ru/catalog/edifice/efr_556l_1avuef/
EFR-571AT-1AER,18 390,https://shop.casio.ru/catalog/edifice/efr-571at-1aer/
EFR-571D-1AVUEF,13 490,https://shop.casio.ru/catalog/edifice/efr_571d_1avuef/
EFR-571DB-1A1VUEF,14 140,https://shop.casio.ru/catalog/edifice/efr_571db_1a1vuef/
EFR-571MD-8AVUEF,13 840,https://shop.casio.ru/catalog/edifice/efr_571md_8avuef/
EFR-571MDC-1AVUEF,16 340,https://shop.casio.ru/catalog/edifice/efr_571mdc_1avuef/
EFR-S107D-1AVUEF,12 390,https://shop.casio.ru/catalog/edifice/efr_s107d_1avuef/
EFR-S107L-1AVUEF,10 540,https://shop.casio.ru/catalog/edifice/efr_s107l_1avuef/
EFR-S108D-1AVUEF,12 390,https://shop.casio.ru/catalog/edifice/efr_s108d_1avuef/
EFR-S108D-7AVUEF,12 390,https://shop.casio.ru/catalog/edifice/efr_s108d_7avuef/
EFR-S567D-1AVUEF,15 290,https://shop.casio.ru/catalog/edifice/efr_s567d_1avuef/
EFR-S567D-2AVUEF,15 290,https://shop.casio.ru/catalog/edifice/efr_s567d_2avuef/
EFR-S572D-1AVUEF,13 140,https://shop.casio.ru/catalog/edifice/efr-s572d-1avuef/
EFR-S572DC-1AVUEF,17 690,https://shop.casio.ru/catalog/edifice/efr_s572dc_1avuef/
EFS-S510D-1AVUEF,16 340,https://shop.casio.ru/catalog/edifice/efs_s510d_1avuef/
EFS-S510D-1BVUEF,16 340,https://shop.casio.ru/catalog/edifice/efs_s510d_1bvuef/
EFS-S510D-2AVUEF,16 340,https://shop.casio.ru/catalog/edifice/efs_s510d_2avuef/
EFS-S510D-7BVUEF,16 340,https://shop.casio.ru/catalog/edifice/efs_s510d_7bvuef/
EFS-S570D-1AUEF,20 690,https://shop.casio.ru/catalog/edifice/efs-s570d-1auef/
EFS-S570DB-2AUEF,22 340,https://shop.casio.ru/catalog/edifice/efs_s570db_2auef/
EFS-S570DC-1AUEF,25 890,https://shop.casio.ru/catalog/edifice/efs-s570dc-1auef/
EFS-S580AT-1AER,26 790,https://shop.casio.ru/catalog/edifice/efs-s580at-1aer/
EFS-S580D-1AVUEF,18 290,https://shop.casio.ru/catalog/edifice/efs_s580d_1avuef/
EFS-S580DB-1AVUEF,19 990,https://shop.casio.ru/catalog/edifice/efs_s580db_1avuef/
EFS-S590AT-1AER,36 990,https://shop.casio.ru/catalog/edifice/efs_s590at_1aer/
EFV-100D-2AVUEF,9 990,https://shop.casio.ru/catalog/edifice/efv_100d_2avuef/
EFV-540D-1A,10 590,https://shop.casio.ru/catalog/edifice/efv_540d_1a/
EFV-540D-1A2VUEF,10 590,https://shop.casio.ru/catalog/edifice/efv-540d-1a2vuef/
EFV-540D-7AVUEF,10 590,https://shop.casio.ru/catalog/edifice/efv-540d-7avuef/
EFV-540DC-1AVUEF,13 490,https://shop.casio.ru/catalog/edifice/efv_540dc_1avuef/
EFV-550GY-8AVUEF,13 490,https://shop.casio.ru/catalog/edifice/efv_550gy_8avuef/
EFV-550P-1AVUEF,9 940,https://shop.casio.ru/catalog/edifice/efv_550p_1avuef/
EFV-560D-1AVUEF,12 390,https://shop.casio.ru/catalog/edifice/efv_560d_1avuef/
EFV-560D-2AVUEF,12 390,https://shop.casio.ru/catalog/edifice/efv_560d_2avuef/
EFV-570D-2AVUEF,10 590,https://shop.casio.ru/catalog/edifice/efv_570d_2avuef/
EFV-590D-1AVUEF,11 790,https://shop.casio.ru/catalog/edifice/efv_590d_1avuef/
EFV-600D-2AVUEF,9 990,https://shop.casio.ru/catalog/edifice/efv_600d_2avuef/
EFV-600D-4AVUEF,9 990,https://shop.casio.ru/catalog/edifice/efv_600d_4avuef/
EFV-610D-1AVUEF,10 590,https://shop.casio.ru/catalog/edifice/efv_610d_1avuef/
EFV-610DB-2AVUEF,12 390,https://shop.casio.ru/catalog/edifice/efv_610db_2avuef/
EFV-610DC-1AVUEF,12 390,https://shop.casio.ru/catalog/edifice/efv_610dc_1avuef/
EFV-C100D-1AVEF,10 590,https://shop.casio.ru/catalog/edifice/efv_c100d_1avef/
EFV-C100D-2AVEF,10 590,https://shop.casio.ru/catalog/edifice/efv_c100d_2avef/
EQB-1000D-1AER,30 590,https://shop.casio.ru/catalog/edifice-connected/eqb_1000d_1aer/
EQB-1100D-1AER,30 590,https://shop.casio.ru/catalog/edifice-connected/eqb_1100d_1aer/
EQB-1100DC-1AER,37 640,https://shop.casio.ru/catalog/edifice-connected/eqb-1100dc-1aer/
EQB-1100XDB-2AER,32 990,https://shop.casio.ru/catalog/edifice-connected/eqb_1100xdb_2aer/
EQB-1200AT-1AER,38 490,https://shop.casio.ru/catalog/edifice-connected/eqb-1200at-1aer/
EQB-1200D-2AER,30 590,https://shop.casio.ru/catalog/edifice-connected/eqb-1200d-2aer/
EQW-A2000HR-1AER,58 890,https://shop.casio.ru/catalog/edifice/eqw-a2000hr-1aer/
G-2900F-1VER,6 890,https://shop.casio.ru/catalog/g-shock/g_2900f_1ver/
G-2900F-8VER,6 890,https://shop.casio.ru/catalog/g-shock/g_2900f_8ver/
G-9000-1VER,9 940,https://shop.casio.ru/catalog/g-shock-professional/g_9000_1ver/
GA-100-1A1ER,10 590,https://shop.casio.ru/catalog/g-shock-youth/ga_100_1a1er/
GA-100-1A2ER,10 590,https://shop.casio.ru/catalog/g-shock-youth/ga_100_1a2er/
GA-100-1A4ER,10 590,https://shop.casio.ru/catalog/g-shock-youth/ga_100_1a4er/
GA-100B-4AER,10 590,https://shop.casio.ru/catalog/g-shock-youth/ga_100b_4aer/
GA-100B-7AER,10 590,https://shop.casio.ru/catalog/g-shock-youth/ga_100b_7aer/
GA-100CF-1A9ER,12 840,https://shop.casio.ru/catalog/g-shock-youth/ga_100cf_1a9er/
GA-100CM-5AER,15 690,https://shop.casio.ru/catalog/g-shock-youth/ga_100cm_5aer/
GA-100GBX-1A4,11 790,https://shop.casio.ru/catalog/g-shock-youth/ga_100gbx_1a4/
GA-100GBX-1A9,11 790,https://shop.casio.ru/catalog/g-shock-youth/ga_100gbx_1a9/
GA-110-1AER,12 390,https://shop.casio.ru/catalog/g-shock-youth/ga_110_1aer/
GA-110-1BER,12 390,https://shop.casio.ru/catalog/g-shock-youth/ga_110_1ber/
GA-110GB-1AER,13 840,https://shop.casio.ru/catalog/g-shock-youth/ga_110gb_1aer/
GA-110LS-1AER,13 490,https://shop.casio.ru/catalog/g-shock-youth/ga_110ls_1aer/
GA-110RG-1AER,13 840,https://shop.casio.ru/catalog/g-shock-youth/ga_110rg_1aer/
GA-140-1A1ER,10 590,https://shop.casio.ru/catalog/g-shock-youth/ga_140_1a1er/
GA-140-1A4ER,10 590,https://shop.casio.ru/catalog/g-shock-youth/ga_140_1a4er/
GA-140CT-1AER,11 790,https://shop.casio.ru/catalog/g-shock-youth/ga-140ct-1aer/
GA-140GB-1A1ER,15 290,https://shop.casio.ru/catalog/g-shock-youth/ga_140gb_1a1er/
GA-2000-1A9ER,12 840,https://shop.casio.ru/catalog/g-shock-youth/ga_2000_1a9er/
GA-2000S-1AER,12 390,https://shop.casio.ru/catalog/g-shock-youth/ga_2000s_1aer/
GA-2000SU-1AER,13 990,https://shop.casio.ru/catalog/g-shock-youth/ga_2000su_1aer/
GA-2100-2AER,9 890,https://shop.casio.ru/catalog/g-shock-youth/ga-2100-2aer/
GA-2100-5AER,9 890,https://shop.casio.ru/catalog/g-shock-youth/ga-2100-5aer/
GA-2100-7AER,9 890,https://shop.casio.ru/catalog/g-shock-youth/ga-2100-7aer/
GA-2100SU-1AER,11 790,https://shop.casio.ru/catalog/g-shock-youth/ga_2100su_1aer/
GA-2110ET-2AER,11 790,https://shop.casio.ru/catalog/g-shock-youth/ga_2110et_2aer/
GA-2110ET-8AER,11 790,https://shop.casio.ru/catalog/g-shock-youth/ga_2110et_8aer/
GA-2110SU-3AER,11 790,https://shop.casio.ru/catalog/g-shock-youth/ga_2110su_3aer/
GA-2200-2AER,11 990,https://shop.casio.ru/catalog/g-shock/ga-2200-2aer/
GA-2200BB-1AER,11 990,https://shop.casio.ru/catalog/g-shock/ga-2200bb-1aer/
GA-2200M-1AER,12 390,https://shop.casio.ru/catalog/g-shock/ga-2200m-1aer/
GA-2200M-4AER,12 390,https://shop.casio.ru/catalog/g-shock/ga-2200m-4aer/
GA-700-1BER,12 390,https://shop.casio.ru/catalog/g-shock-youth/ga_700_1ber/
GA-700CT-1AER,11 790,https://shop.casio.ru/catalog/g-shock-youth/ga-700ct-1aer/
GA-700MG-1AER,11 790,https://shop.casio.ru/catalog/g-shock/ga_700mg_1aer/
GA-710GB-1AER,14 940,https://shop.casio.ru/catalog/g-shock-youth/ga_710gb_1aer/
GA-800SC-2AER,10 540,https://shop.casio.ru/catalog/g-shock-youth/ga_800sc_2aer/
GA-900-1AER,12 390,https://shop.casio.ru/catalog/g-shock-youth/ga_900_1aer/
GA-900-2AER,12 390,https://shop.casio.ru/catalog/g-shock-youth/ga_900_2aer/
GA-900-4AER,12 390,https://shop.casio.ru/catalog/g-shock-youth/ga_900_4aer/
GA-900A-1A9ER,12 390,https://shop.casio.ru/catalog/g-shock-youth/ga_900a_1a9er/
GA-900AG-1AER,14 490,https://shop.casio.ru/catalog/g-shock-youth/ga-900ag-1aer/
GA-900C-1A4ER,13 490,https://shop.casio.ru/catalog/g-shock-youth/ga_900c_1a4er/
GA-900E-1A3ER,16 490,https://shop.casio.ru/catalog/g-shock-youth/ga_900e_1a3er/
GAW-100-1AER,14 490,https://shop.casio.ru/catalog/g-shock-youth/gaw_100_1aer/
GAW-100B-1A2ER,14 490,https://shop.casio.ru/catalog/g-shock-youth/gaw_100b_1a2er/
GAW-100B-1AER,14 490,https://shop.casio.ru/catalog/g-shock-youth/gaw_100b_1aer/
GBA-800-1AER,13 490,https://shop.casio.ru/catalog/g-shock-connected/gba_800_1aer/
GBA-800-9AER,13 490,https://shop.casio.ru/catalog/g-shock-connected/gba_800_9aer/
GBD-800-1BER,10 590,https://shop.casio.ru/catalog/g-shock-connected/gbd_800_1ber/
GBD-800-8ER,10 590,https://shop.casio.ru/catalog/g-shock-connected/gbd_800_8er/
GBD-800UC-3ER,10 590,https://shop.casio.ru/catalog/g-shock-connected/gbd_800uc_3er/
GBD-800UC-8ER,10 590,https://shop.casio.ru/catalog/g-shock-connected/gbd_800uc_8er/
GG-B100-1A3ER,37 390,https://shop.casio.ru/catalog/g-shock-connected/gg_b100_1a3er/
GG-B100-1AER,37 390,https://shop.casio.ru/catalog/g-shock-connected/gg_b100_1aer/
GG-B100-1BER,37 390,https://shop.casio.ru/catalog/g-shock-connected/gg_b100_1ber/
GM-110G-1A9ER,23 540,https://shop.casio.ru/catalog/g-shock-youth/gm_110g_1a9er/
GM-110NE-1AER,35 940,https://shop.casio.ru/catalog/g-shock-youth/gm_110ne_1aer/
GM-110RH-1AER,38 590,https://shop.casio.ru/catalog/g-shock-youth/gm-110rh-1aer/
GM-110SCM-1AER,23 540,https://shop.casio.ru/catalog/g-shock-youth/gm_110scm_1aer/
GM-110SG-9AER,25 890,https://shop.casio.ru/catalog/g-shock-youth/gm-110sg-9aer/
GM-2100-1AER,19 890,https://shop.casio.ru/catalog/g-shock/gm-2100-1aer/
GM-2100B-3AER,22 390,https://shop.casio.ru/catalog/g-shock/gm-2100b-3aer/
GM-2100B-4AER,22 390,https://shop.casio.ru/catalog/g-shock/gm-2100b-4aer/
GM-2100N-2AER,22 390,https://shop.casio.ru/catalog/g-shock-youth/gm-2100n-2aer/
GM-5600-1ER,18 840,https://shop.casio.ru/catalog/g-shock/gm_5600_1er/
GM-5600B-3ER,19 990,https://shop.casio.ru/catalog/g-shock/gm_5600b_3er/
GM-5600EY-1DR,36 990,https://shop.casio.ru/catalog/g-shock-youth/gm_5600ey_1dr/
GM-5600SCM-1ER,21 790,https://shop.casio.ru/catalog/g-shock/gm_5600scm_1er/
GM-5600SG-9ER,23 540,https://shop.casio.ru/catalog/g-shock/gm-5600sg-9er/
GM-5600SN-1ER,26 790,https://shop.casio.ru/catalog/g-shock/gm-5600sn-1er/
GM-6900B-4ER,19 990,https://shop.casio.ru/catalog/g-shock/gm_6900b_4er/
GM-6900G-9ER,21 390,https://shop.casio.ru/catalog/g-shock/gm_6900g_9er/
GM-6900SCM-1ER,21 790,https://shop.casio.ru/catalog/g-shock/gm_6900scm_1er/
GM-6900SG-9ER,24 590,https://shop.casio.ru/catalog/g-shock/gm-6900sg-9er/
GMD-B800-1ER,10 590,https://shop.casio.ru/catalog/g-shock-connected/gmd_b800_1er/
GMD-B800-4ER,10 590,https://shop.casio.ru/catalog/g-shock-connected/gmd_b800_4er/
GMW-B5000GD-4ER,51 990,https://shop.casio.ru/catalog/g-shock-premium/gmw_b5000gd_4er/
GMW-B5000GD-9ER,51 990,https://shop.casio.ru/catalog/g-shock-premium/gmw_b5000gd_9er/
GMW-B5000RD-4ER,51 990,https://shop.casio.ru/catalog/g-shock-premium/gmw-b5000rd-4er/
GR-B200-1BER,29 990,https://shop.casio.ru/catalog/g-shock-connected/gr-b200-1ber/
GST-B100-1AER,27 490,https://shop.casio.ru/catalog/g-shock-g-steel/gst_b100_1aer/
GST-B100D-1AER,34 990,https://shop.casio.ru/catalog/g-shock-g-steel/gst_b100d_1aer/
GST-B200-1AER,26 990,https://shop.casio.ru/catalog/g-shock-g-steel/gst_b200_1aer/
GST-B300S-1AER,28 590,https://shop.casio.ru/catalog/g-shock-g-steel/gst_b300s_1aer/
GST-B300SD-1AER,35 990,https://shop.casio.ru/catalog/g-shock-g-steel/gst_b300sd_1aer/
GST-B400-1AER,30 790,https://shop.casio.ru/catalog/g-shock-g-steel/gst_b400_1aer/
GST-B400D-1AER,35 990,https://shop.casio.ru/catalog/g-shock-g-steel/gst_b400d_1aer/
GST-W110-1AER,26 390,https://shop.casio.ru/catalog/g-shock-g-steel/gst_w110_1aer/
GW-3000M-4AER,24 740,https://shop.casio.ru/catalog/g-shock-professional/gw_3000m_4aer/
GW-9400-1ER,29 440,https://shop.casio.ru/catalog/g-shock-professional/gw_9400_1er/
GW-B5600-2ER,13 590,https://shop.casio.ru/catalog/g-shock-connected/gw_b5600_2er/
GW-B5600BC-1BER,20 690,https://shop.casio.ru/catalog/g-shock-connected/gw_b5600bc_1ber/
GW-B5600CT-1ER,12 190,https://shop.casio.ru/catalog/g-shock-connected/gw-b5600ct-1er/
GW-B5600MG-1ER,14 490,https://shop.casio.ru/catalog/g-shock/gw_b5600mg_1er/
GW-M5610-1ER,13 840,https://shop.casio.ru/catalog/g-shock/gw_m5610_1er/
GW-M5610U-1ER,13 840,https://shop.casio.ru/catalog/g-shock/gw_m5610u_1er/
GWF-A1000C-1AER,103 990,https://shop.casio.ru/catalog/g-shock-premium/gwf_a1000c_1aer/
GWG-1000-1A3ER,69 990,https://shop.casio.ru/catalog/g-shock-professional/gwg_1000_1a3er/
GXW-56-1AER,23 490,https://shop.casio.ru/catalog/g-shock/gxw_56_1aer/
GXW-56BB-1ER,24 490,https://shop.casio.ru/catalog/g-shock-youth/gxw_56bb_1er/
MRG-B2000B-1ADR,232 990,https://shop.casio.ru/catalog/g-shock-premium/mrg-b2000b-1a/
MTG-B1000-1AER,80 990,https://shop.casio.ru/catalog/g-shock-premium/mtg-b1000-1aer/
MTG-B2000B-1A2ER,105 990,https://shop.casio.ru/catalog/g-shock-premium/mtg_b2000b_1a2er/
MTG-B2000BD-1A4ER,105 990,https://shop.casio.ru/catalog/g-shock-premium/mtg_b2000bd_1a4er/
MTG-B2000D-1AER,105 990,https://shop.casio.ru/catalog/g-shock-premium/mtg-b2000d-1aer/
PRG-240-1ER,18 840,https://shop.casio.ru/catalog/protrek/prg_240_1er/
PRG-240-5ER,18 840,https://shop.casio.ru/catalog/protrek/prg_240_5er/
PRG-240T-7ER,22 340,https://shop.casio.ru/catalog/protrek/prg_240t_7er/
PRG-270-1ER,19 390,https://shop.casio.ru/catalog/protrek/prg_270_1er/
PRG-330-1E,20 690,https://shop.casio.ru/catalog/protrek/prg_330_1e/
PRT-B50-1ER,20 690,https://shop.casio.ru/catalog/protrek-connected/prt_b50_1er/
PRT-B50-4ER,20 690,https://shop.casio.ru/catalog/protrek-connected/prt_b50_4er/
PRW-30-1AER,28 840,https://shop.casio.ru/catalog/protrek/prw_30_1aer/
PRW-6600YB-3ER,37 390,https://shop.casio.ru/catalog/protrek/prw_6600yb_3er/
